,full_word,pt1,rest
0,stadfaidh,stad,faidh
1,hoíche,h,oíche
2,dteagmháil,d,teagmháil
3,leis,le,is
4,leaideanna,leaid,eanna
5,don,do,n
6,againn,ag,ainn
7,constaicí,constaic,í
8,gairdeasa,gairdeas,a
9,faoina,faoi,na
10,bláthanna,bláth,anna
11,eachtraí,eachtra,í
12,bíonn,bí,onn
13,ina,i,na
14,más,má,s
15,in,i,n
16,amannaí,am,annaí
17,hiarracht,h,iarracht
18,tuairiscí,tuairisc,í
19,Fíníní,Fínín,í
20,den,de,n
21,faoin,faoi,n
22,gcás,g,cás
23,haonarach,h,aonarach
24,bhfoirgneamh,bh,foirgneamh
25,measfaidh,meas,faidh
26,bhfocal,bh,focal
27,halt,h,alt
28,scoireann,scoir,eann
29,ngníomh,n,gníomh
30,ón,ó,n
31,éagtha,éag,tha
32,lena,le,na
33,haon,h,aon
34,Araibise,Araibis,e
35,áiseanna,áis,eanna
36,gníomhartha,gníomh,artha
37,tríothusan,trí,othusan
38,meallann,meall,ann
39,háthasach,h,áthasach
40,lúdracha,lúdrach,a
41,gcraitheadh,g,craitheadh
42,comhlachtai,comhlacht,ai
43,gcomhar,g,comhar
44,mbealach,m,bealach
45,tíre,tír,e
46,bhfeachtas,bh,feachtas
47,fógraí,fógra,í
48,tseachtain,t,seachtain
49,tacaíochta,tacaíocht,a
50,haghaidh,h,aghaidh
51,age,ag,e
52,agena,ag,ena
53,gcéanna,g,céanna
54,hainnise,h,ainnise
55,leo,le,o
56,muintire,muintir,e
57,chuige,chuig,e
58,móra,mór,a
59,gcúrsa,g,cúrsa
60,breise,breis,e
61,gcumas,g,cumas
62,cótaí,cóta,í
63,Tríonóide,Tríonóid,e
64,gcuid,g,cuid
65,ceapann,ceap,ann
66,gcaoi,g,caoi
67,bpeil,b,peil
68,briseann,bris,eann
69,difríochtaí,difríocht,aí
70,airíonna,airí,onna
71,gruaige,gruaig,e
72,cistine,cistin,e
73,bhfad,bh,fad
74,fágann,fág,ann
75,filleann,fill,eann
76,gcroí,g,croí
77,plandaí,planda,í
78,píosaí,píosa,í
79,tsecoind,t,secoind
80,cumhachta,cumhacht,a
81,úsáidtear,úsáid,tear
82,téarmaí,téarma,í
83,dathanna,dath,anna
84,faightear,faigh,tear
85,tánaisteacha,tánaisteach,a
86,leithéidí,leithéid,í
87,péinte,péint,e
88,sráide,sráid,e
89,heolaíocht,h,eolaíocht
90,beaga,beag,a
91,scéalta,scéal,ta
92,ligtí,lig,tí
93,itheadh,ith,eadh
94,gcaidreamh,g,caidreamh
95,agat,ag,at
96,ndóigh,n,dóigh
97,rudaí,rud,aí
98,scríobhadh,scríobh,adh
99,filíochta,filíocht,a
100,háirithe,h,áirithe
101,arna,ar,na
102,dtaobh,d,taobh
103,déanfaidh,déan,faidh
104,iarrann,iarr,ann
105,ndáil,n,dáil
106,cuirfidh,cuir,fidh
107,ndíthógáil,n,díthógáil
108,ndiaidh,n,diaidh
109,easpartan,easparta,n
110,ritheann,rith,eann
111,hé,h,é
112,iasachta,iasacht,a
113,postanna,post,anna
114,deonadh,deon,adh
115,luaidhtear,luaidh,tear
116,áite,áit,e
117,ócáidí,ócáid,í
118,ndéantús,n,déantús
119,tionsclaíochta,tionsclaíocht,a
120,bhféinmhuinín,bh,féinmhuinín
121,scileanna,scil,eanna
122,iontu,i,ontu
123,tógadh,tóg,adh
124,clocha,cloch,a
125,Fraince,Frainc,e
126,leat,le,at
127,airde,aird,e
128,pobalbhreitheanna,pobalbhreith,eanna
129,gcoinne,g,coinne
130,cogaíochta,cogaíocht,a
131,polaiteoirí,polaiteoir,í
132,dteannta,d,teannta
133,nótaí,nóta,í
134,liostasa,liosta,sa
135,scríbhneoirí,scríbhneoir,í
136,mBaile,m,Baile
137,habair,h,abair
138,haigne,h,aigne
139,nuaíochta,nuaíocht,a
140,fágadh,fág,adh
141,deineadh,dein,eadh
142,loisceadh,loisc,eadh
143,gcailliúint,g,cailliúint
144,agam,ag,am
145,déanfar,déan,far
146,measúnachtaí,measúnacht,aí
147,íocadh,íoc,adh
148,tarraingthe,tarraingt,he
149,fadbhreathnaitheacha,fadbhreathnaitheach,a
150,dlíthe,dlí,the
151,finnéithe,finné,ithe
152,bhfianaise,bh,fianaise
153,Breatnaise,Breatnais,e
154,gcónaí,g,cónaí
155,gclár,g,clár
156,drithlíní,drithlín,í
157,scéine,scéin,e
158,gceartlár,g,ceartlár
159,Gaillimhe,Gaillimh,e
160,deonacha,deonach,a
161,pailine,pailin,e
162,spreagfaidh,spreag,faidh
163,éifeachtaí,éifeacht,aí
164,ngach,n,gach
165,teachtaireachtaí,teachtaireacht,aí
166,urchomhaireacha,urchomhaireach,a
167,lansacha,lansach,a
168,ascaillí,ascaill,í
169,ngaoth,n,gaoth
170,mbás,m,bás
171,glaonna,glao,nna
172,caithfidh,caith,fidh
173,sealadacha,sealadach,a
174,gcos,g,cos
175,tsúil,t,súil
176,fostaíochta,fostaíocht,a
177,gcrág,g,crág
178,bhfabhar,bh,fabhar
179,tsíocháin,t,síocháin
180,dteocht,d,teocht
181,aislingí,aisling,í
182,ngannchuid,n,gannchuid
183,bhfíorú,bh,fíorú
184,dtús,d,tús
185,spreagann,spreag,ann
186,seomraí,seomra,í
187,hiomlán,h,iomlán
188,mbean,m,bean
189,tsiopa,t,siopa
190,gceannas,g,ceannas
191,dtreo,d,treo
192,eolaíochta,eolaíocht,a
193,gcorp,g,corp
194,héisteacht,h,éisteacht
195,againne,ag,ainne
196,roimhe,roimh,e
197,hí,h,í
198,hordú,h,ordú
199,snámhaim,snámh,aim
200,sruthanna,sruth,anna
201,ama,am,a
202,ndeireadh,n,deireadh
203,gcluiche,g,cluiche
204,scoile,scoil,e
205,nGearmáin,n,Gearmáin
206,gcarr,g,carr
207,cáipéisí,cáipéis,í
208,gceist,g,ceist
209,cainte,caint,e
210,éisteachta,éisteacht,a
211,teilifíse,teilifís,e
212,rátaí,ráta,í
213,lárnacha,lárnach,a
214,neantóga,neantóg,a
215,copóga,copóg,a
216,báireoirí,báireoir,í
217,bhfile,bh,file
218,doirteadh,doirt,eadh
219,imeachtaí,imeacht,aí
220,siadsan,siad,san
221,tríd,trí,d
222,bhforógra,bh,forógra
223,gcumhacht,g,cumhacht
224,eilimintí,eilimint,í
225,dramhaíle,dramhaíl,e
226,aisteacha,aisteach,a
227,scoileanna,scoil,eanna
228,gCeilteach,g,Ceilteach
229,itheann,ith,eann
230,gcéad,g,céad
231,suimiúila,suimiúil,a
232,déanann,déan,ann
233,gcloch,g,cloch
234,Bóinne,Bóinn,e
235,ngeansaí,n,geansaí
236,bhfuil,bh,fuil
237,moille,moill,e
238,Gaelscoileanna,Gaelscoil,eanna
239,dom,do,m
240,hálainn,h,álainn
241,iarrachtaí,iarracht,aí
242,cén,cé,n
243,mbun,m,bun
244,seachtaine,seachtain,e
245,gabhaimis,gabh,aimis
246,mionsonraí,mionsonra,í
247,creidim,creid,im
248,gceart,g,ceart
249,Riadach,Riada,ch
250,gcultúr,g,cultúr
251,réiteoirí,réiteoir,í
252,tharainn,thar,ainn
253,súile,súil,e
254,gcur,g,cur
255,tríthi,trí,thi
256,Éireann,Éire,ann
257,ceoltóirí,ceoltóir,í
258,damhsóirí,damhsóir,í
259,ceolchoirmeacha,ceolchoirm,eacha
260,siopaí,siopa,í
261,gclúdach,g,clúdach
262,Breataine,Breatain,e
263,Fianna,Fiann,a
264,oifige,oifig,e
265,ngrianghrafadóir,n,grianghrafadóir
266,roinneadh,roinn,eadh
267,buaiteoirí,buaiteoir,í
268,cailíní,cailín,í
269,gcomhluadar,g,comhluadar
270,ollscoile,ollscoil,e
271,míonna,mí,onna
272,ngearán,n,gearán
273,ainmneacha,ainm,neacha
274,crobhaingí,crobhaing,í
275,crúcacha,crúcach,a
276,itheamar,ith,eamar
277,binne,binn,e
278,margaíochta,margaíocht,a
279,gcraoladh,g,craoladh
280,nglas,n,glas
281,bpoll,b,poll
282,óga,óg,a
283,ngrian,n,grian
284,truaillí,truaill,í
285,scothóga,scothóg,a
286,mairfinn,mair,finn
287,stailce,stailc,e
288,ngrá,n,grá
289,bhfeidhm,bh,feidhm
290,heisimirce,h,eisimirce
291,scolaíochta,scolaíocht,a
292,inar,i,nar
293,nGiúdais,n,Giúdais
294,hEabhrais,h,Eabhrais
295,Gaeltachta,Gaeltacht,a
296,gcurach,g,curach
297,casadh,cas,adh
298,mbéal,m,béal
299,meastar,meas,tar
300,dreamanna,dream,anna
301,dianscaoileann,dianscaoil,eann
302,orgánacha,orgánach,a
303,marbha,marbh,a
304,substaintí,substaint,í
305,scáileanna,scáil,eanna
306,réada,réad,a
307,baineann,bain,eann
308,cuireadh,cuir,eadh
309,Gearmáine,Gearmáin,e
310,taidhleoireachta,taidhleoireacht,a
311,fiara,fiar,a
312,ingearacha,ingearach,a
313,asat,as,at
314,ins,i,ns
315,gcailín,g,cailín
316,agamsa,ag,amsa
317,déanaim,déan,aim
318,dtúr,d,túr
319,seirbhísí,seirbhís,í
320,gcnuasach,g,cnuasach
321,hamháin,h,amháin
322,trín,trí,n
323,cúiseanna,cúis,eanna
324,catalóga,catalóg,a
325,háit,h,áit
326,liathróide,liathróid,e
327,turasóirí,turasóir,í
328,strainséirí,strainséir,í
329,sinne,sinn,e
330,gcúlsráid,g,cúlsráid
331,príosúnachta,príosúnacht,a
332,príomhchineálacha,príomhchineál,acha
333,eiblitheoirí,eiblitheoir,í
334,cobhsaitheoirí,cobhsaitheoir,í
335,milsitheoirí,milsitheoir,í
336,fadhbanna,fadhb,anna
337,gconspóid,g,conspóid
338,daltaí,dalta,í
339,bhfuirm,bh,fuirm
340,gcóir,g,cóir
341,deonfar,deon,far
342,féadfidh,féad,fidh
343,deise,deis,e
344,leanas,lean,as
345,bhfios,bh,fios
346,haturnae,h,aturnae
347,gcomparáid,g,comparáid
348,mbóthar,m,bóthar
349,mBéarla,m,Béarla
350,hiad,h,iad
351,hiondúil,h,iondúil
352,bPiarsach,b,Piarsach
353,dteangbháil,d,teangbháil
354,ndeara,n,deara
355,seirbhíse,seirbhís,e
356,forbairtí,forbairt,í
357,nGaeltacht,n,Gaeltacht
358,pleananna,plean,anna
359,oidhreachta,oidhreacht,a
360,aighneachtaí,aighneacht,aí
361,maithe,maith,e
362,cruinne,cruinn,e
363,rithime,rithim,e
364,cosa,cos,a
365,peile,peil,e
366,baineadh,bain,eadh
367,iadsan,iad,san
368,cadhnaíochta,cadhnaíocht,a
369,núicléacha,núicléach,a
370,mbrathadóir,m,brathadóir
371,fuaime,fuaim,e
372,gcraobh,g,craobh
373,paráideanna,paráid,eanna
374,gcomhairle,g,comhairle
375,leosan,le,osan
376,dtosach,d,tosach
377,dealbhóireachta,dealbhóireacht,a
378,deasa,deas,a
379,brioscaí,briosca,í
380,gearrscéalta,gearrscéal,ta
381,lenar,le,nar
382,coinníollacha,coinníoll,acha
383,caorach,caora,ch
384,úlla,úll,a
385,mbád,m,bád
386,uirlisí,uirlis,í
387,obráide,obráid,e
388,bhfeidhmiú,bh,feidhmiú
389,measann,meas,ann
390,Peirse,Peirs,e
391,mbord,m,bord
392,leagtar,leag,tar
393,bulóga,bulóg,a
394,sabóideacha,sabóideach,a
395,áise,áis,e
396,tsórt,t,sórt
397,dos,do,s
398,tslí,t,slí
399,bpobal,b,pobal
400,aimsire,aimsir,e
401,gceobhrán,g,ceobhrán
402,tornádónna,tornádó,nna
403,tsamhail,t,samhail
404,trioblóideacha,trioblóideach,a
405,bothántaíochta,bothántaíocht,a
406,ranganna,rang,anna
407,seiteanna,seit,eanna
408,nGaillimh,n,Gaillimh
409,cnámha,cnámh,a
410,domsa,do,msa
411,cannaí,canna,í
412,sleánna,sleá,nna
413,deiseanna,deis,eanna
414,acmhainní,acmhainn,í
415,ruda,rud,a
416,gceann,g,ceann
417,páirceanna,páirc,eanna
418,mionteangacha,mionteanga,cha
419,Danmhairge,Danmhairg,e
420,bhfochuideachta,bh,fochuideachta
421,bpáirtí,b,páirtí
422,tráthanna,tráth,anna
423,consighneachta,consighneacht,a
424,cóipeanna,cóip,eanna
425,iarrfidh,iarr,fidh
426,éinní,éin,ní
427,gcoitinne,g,coitinne
428,nósanna,nós,anna
429,steireitípeanna,steireitíp,eanna
430,hathair,h,athair
431,dtoghachán,d,toghachán
432,dtoghcheantar,d,toghcheantar
433,ngníomhaíocht,n,gníomhaíocht
434,úsáideadh,úsáid,eadh
435,hiontach,h,iontach
436,glacaim,glac,aim
437,ngabháil,n,gabháil
438,samplaí,sampla,í
439,cúrsaí,cúrsa,í
440,hoifig,h,oifig
441,feidhme,feidhm,e
442,ham,h,am
443,acht,ach,t
444,ainnire,ainnir,e
445,leagfar,leag,far
446,gcoláiste,g,coláiste
447,gcólucht,g,cólucht
448,ngairm,n,gairm
449,héifeachtúil,h,éifeachtúil
450,déanfidh,déan,fidh
451,seandálaíochta,seandálaíocht,a
452,dtaca,d,taca
453,snátha,snáth,a
454,sceimhlitheoirí,sceimhlitheoir,í
455,ndála,n,dála
456,goilleann,goill,eann
457,scairteacha,scairt,eacha
458,ós,ó,s
459,sroicheadh,sroich,eadh
460,leasa,leas,a
461,hithe,h,ithe
462,bplána,b,plána
463,tsochaí,t,sochaí
464,hais,h,ais
465,himeacht,h,imeacht
466,pósadh,pós,adh
467,céasadh,céas,adh
468,Ultacha,Ultach,a
469,lámha,lámh,a
470,tslua,t,slua
471,íocaíochtaí,íocaíocht,aí
472,gunnadóirí,gunnadóir,í
473,hannamh,h,annamh
474,scéime,scéim,e
475,dtalamh,d,talamh
476,ngóilín,n,góilín
477,dtír,d,tír
478,ceiste,ceist,e
479,gciorcal,g,ciorcal
480,mbodach,m,bodach
481,bpaitinn,b,paitinn
482,gceannasaí,g,ceannasaí
483,íoctha,íoc,tha
484,míosa,mí,osa
485,bhfód,bh,fód
486,loitfeadh,loit,feadh
487,loiscfeadh,loisc,feadh
488,díospóireachtaí,díospóireacht,aí
489,inár,i,nár
490,tsaoghal,t,saoghal
491,cuirfí,cuir,fí
492,mbaile,m,baile
493,tsíollann,t,síollann
494,feithidí,feithid,í
495,gcomhrá,g,comhrá
496,ligeadh,lig,eadh
497,gairide,gairid,e
498,duaiseanna,duais,eanna
499,gcaitheamh,g,caitheamh
500,parlaiminte,parlaimint,e
501,hócáid,h,ócáid
502,measaim,meas,aim
503,bríonna,brí,onna
504,spriocanna,sprioc,anna
505,naíonraí,naíonra,í
506,ealaíne,ealaín,e
507,lónadóireachta,lónadóireacht,a
508,fréamhacha,fréamh,acha
509,iontacha,iontach,a
510,dtuairim,d,tuairim
511,réamhráite,réamhrá,ite
512,bhfrustracht,bh,frustracht
513,scóipe,scóip,e
514,lámhscríbhinní,lámhscríbhinn,í
515,ochtú,ocht,ú
516,haois,h,aois
517,siombailí,siombail,í
518,caighdeánacha,caighdeánach,a
519,cnaguirlisí,cnaguirlis,í
520,séiseacha,séiseach,a
521,mbarra,m,barra
522,fuaimeanna,fuaim,eanna
523,díoscánacha,díoscánach,a
524,busanna,bus,anna
525,páirce,páirc,e
526,ráibe,ráib,e
527,neamhspleácha,neamhspleách,a
528,Críostaíochta,Críostaíocht,a
529,dtuairisc,d,tuairisc
530,dóigheanna,dóigh,eanna
531,séadchomharthaí,séadchomhartha,í
532,gnéithe,gné,ithe
533,mairfidh,mair,fidh
534,foirmeacha,foirm,eacha
535,iarrthóirí,iarrthóir,í
536,cuireataí,cuireata,í
537,earraí,earra,í
538,húsáid,h,úsáid
539,gcomhthéacs,g,comhthéacs
540,ríomhaireachta,ríomhaireacht,a
541,dlúthcheirníní,dlúthcheirnín,í
542,nGearmánach,n,Gearmánach
543,seolann,seol,ann
544,longa,long,a
545,fíona,fíon,a
546,bhfeamainn,bh,feamainn
547,bhfarraige,bh,farraige
548,teangacha,teanga,cha
549,tsainidrín,t,sainidrín
550,tríothu,trí,othu
551,gcuma,g,cuma
552,nochtann,nocht,ann
553,ndáiríre,n,dáiríre
554,tonnaíocha,tonnaíoch,a
555,riostaí,riosta,í
556,nGaeilge,n,Gaeilge
557,trína,trí,na
558,hAoláin,h,Aoláin
559,gluaiseachta,gluaiseacht,a
560,bhfealsúnacht,bh,fealsúnacht
561,cláracha,clár,acha
562,óna,ó,na
563,bhfuiseog,bh,fuiseog
564,síoraíochta,síoraíocht,a
565,asam,as,am
566,gcuntas,g,cuntas
567,coinsiasa,coinsias,a
568,dtreascairt,d,treascairt
569,saighdiúirí,saighdiúir,í
570,sopóga,sopóg,a
571,nglár,n,glár
572,gclábar,g,clábar
573,bpléasc,b,pléasc
574,cumarsáide,cumarsáid,e
575,polaitíochta,polaitíocht,a
576,astu,as,tu
577,iarchéime,iarchéim,e
578,Fionlainne,Fionlainn,e
579,ngreim,n,greim
580,creideann,creid,eann
581,deisbhéalacha,deisbhéalach,a
582,easnacha,easna,cha
583,droimníní,droimnín,í
584,gearra,gearr,a
585,cothrománacha,cothrománach,a
586,bhfeighil,bh,feighil
587,dtrácht,d,trácht
588,dlúthpháirtíochta,dlúthpháirtíocht,a
589,gcinneadh,g,cinneadh
590,dtraipisí,d,traipisí
591,trioblóidí,trioblóid,í
592,teitheann,teith,eann
593,sular,sula,r
594,seoladh,seol,adh
595,gcomhréir,g,comhréir
596,imeachta,imeacht,a
597,dteaghlach,d,teaghlach
598,pinginí,pingin,í
599,mídhleathacha,mídhleathach,a
600,tsaol,t,saol
601,dtólamh,d,tólamh
602,bpíonós,b,píonós
603,cuireann,cuir,eann
604,neodrachta,neodracht,a
605,séideann,séid,eann
606,tsíoraíocht,t,síoraíocht
607,réalaíocha,réalaíoch,a
608,osréalaíocha,osréalaíoch,a
609,gConamara,g,Conamara
610,héadrom,h,éadrom
611,hintinn,h,intinn
612,mbrú,m,brú
613,ríphíosaí,ríphíosa,í
614,hoscailte,h,oscailte
615,gcac,g,cac
616,cuirfead,cuir,fead
617,fichead,fiche,ad
618,teipeann,teip,eann
619,tsíorchoimhlint,t,síorchoimhlint
620,hól,h,ól
621,gcomhpháirtí,g,comhpháirtí
622,nGall,n,Gall
623,lorgóidh,lorg,óidh
624,ionstraimí,ionstraim,í
625,infheistíochta,infheistíocht,a
626,íocfaidh,íoc,faidh
627,cinnfidh,cinn,fidh
628,uaigheanna,uaigh,eanna
629,buachaillí,buachaill,í
630,bacadh,bac,adh
631,gcathú,g,cathú
632,gCorcaigh,g,Corcaigh
633,rollaí,rolla,í
634,Ginéive,Ginéiv,e
635,ngnáthlá,n,gnáthlá
636,ranga,rang,a
637,bhFrainc,bh,Frainc
638,hiomaíocht,h,iomaíocht
639,póilíní,póilín,í
640,minicí,minic,í
641,comhlachtaí,comhlacht,aí
642,bpróiseas,b,próiseas
643,bpier,b,pier
644,gcéibh,g,céibh
645,tsaoirseacht,t,saoirseacht
646,Veinéise,Veinéis,e
647,Eochaille,Eochaill,e
648,bhFinn,bh,Finn
649,gceantar,g,ceantar
650,gCamus,g,Camus
651,huncail,h,uncail
652,cearta,ceart,a
653,liricí,liric,í
654,scéimeanna,scéim,eanna
655,críocha,críoch,a
656,brionglóidí,brionglóid,í
657,dtroscán,d,troscán
658,mbialann,m,bialann
659,caitheadh,caith,eadh
660,stailceanna,stailc,eanna
661,glasa,glas,a
662,carbaihiodráití,carbaihiodráit,í
663,fótaisintéise,fótaisintéis,e
664,tithíochta,tithíocht,a
665,ndeontas,n,deontas
666,spéaclaí,spéacla,í
667,scaoilfaidh,scaoil,faidh
668,nguthán,n,guthán
669,bádaí,bád,aí
670,iascaireachta,iascaireacht,a
671,bhformhór,bh,formhór
672,ollscoileanna,ollscoil,eanna
673,caithfear,caith,fear
674,ngléasadh,n,gléasadh
675,cásanna,cás,anna
676,ngeata,n,geata
677,catóide,catóid,e
678,fanann,fan,ann
679,leictreacha,leictreach,a
680,braitheann,braith,eann
681,gcill,g,cill
682,gConnachta,g,Connachta
683,nduine,n,duine
684,hIndia,h,India
685,tseansíleáil,t,seansíleáil
686,bpointe,b,pointe
687,ndeisceart,n,deisceart
688,nDoire,n,Doire
689,hionad,h,ionad
690,dtiúin,d,tiúin
691,linne,linn,e
692,lenár,le,nár
693,gcáinteoir,g,cáinteoir
694,dosna,do,sna
695,ascaillín,ascaill,ín
696,mbeadaíocht,m,beadaíocht
697,nÉireannach,n,Éireannach
698,gcomhair,g,comhair
699,staitisticí,staitistic,í
700,guthanna,guth,anna
701,ngluaiseacht,n,gluaiseacht
702,daicheadaí,daichead,aí
703,luacha,luach,a
704,hAlpa,h,Alpa
705,gcoirt,g,coirt
706,imitate,imita,te
707,bonnachaí,bonn,achaí
708,sciobtar,sciob,tar
709,hAlbain,h,Albain
710,luchóga,luchóg,a
711,logainmneacha,logainm,neacha
712,mbaint,m,baint
713,bhFiann,bh,Fiann
714,huair,h,uair
715,Gaeltachtaí,Gaeltacht,aí
716,geamaireachtaí,geamaireacht,aí
717,málaí,mála,í
718,drámaí,dráma,í
719,téamaí,téama,í
720,gcumadh,g,cumadh
721,ngleic,n,gleic
722,gcoiriúlacht,g,coiriúlacht
723,cladhaireachta,cladhaireacht,a
724,laochra,laoch,ra
725,gcosúlacht,g,cosúlacht
726,maireann,mair,eann
727,feirmeacha,feirm,eacha
728,dealbha,dealbh,a
729,gcnámh,g,cnámh
730,ceapaim,ceap,aim
731,driseacha,dris,eacha
732,dtábhairne,d,tábhairne
733,aoise,aois,e
734,gcúigiú,g,cúigiú
735,molfadh,mol,fadh
736,comhairleoirí,comhairleoir,í
737,Féineacha,Féineach,a
738,uaireanta,uair,eanta
739,gcuideachta,g,cuideachta
740,aireachtaí,aireacht,aí
741,comharthaí,comhartha,í
742,chífí,chí,fí
743,feicfimid,feic,fimid
744,múineadh,múin,eadh
745,leagadh,leag,adh
746,scríobhann,scríobh,ann
747,gloria,glori,a
748,Scéaltachta,Scéaltacht,a
749,matamaitice,matamaitic,e
750,Éireannacha,Éireannach,a
751,nuachta,nuacht,a
752,bPáras,b,Páras
753,ndán,n,dán
754,eagarthóireachta,eagarthóireacht,a
755,gceol,g,ceol
756,gcló,g,cló
757,insa,i,nsa
758,tseanamhúchán,t,seanamhúchán
759,teagmhasacha,teagmhasach,a
760,forlíontacha,forlíontach,a
761,iarmhartacha,iarmhartach,a
762,tseilg,t,seilg
763,ndíbheargach,n,díbheargach
764,ceisteanna,ceist,eanna
765,oireann,oir,eann
766,dornálaíochta,dornálaíocht,a
767,bronnadh,bronn,adh
768,gClár,g,Clár
769,drámaíochta,drámaíocht,a
770,saincheisteanna,saincheist,eanna
771,faigheann,faigh,eann
772,sluaite,slua,ite
773,haonar,h,aonar
774,tseirbhís,t,seirbhís
775,sibhialtachtaí,sibhialtacht,aí
776,staire,stair,e
777,dtaithí,d,taithí
778,seascaidí,seasca,idí
779,lige,lig,e
780,cúlbhinseoirí,cúlbhinseoir,í
781,toghchánaíochta,toghchánaíocht,a
782,cineálacha,cineál,acha
783,ndromchla,n,dromchla
784,fabraicí,fabraic,í
785,treise,treis,e
786,hIorua,h,Iorua
787,féadfaidh,féad,faidh
788,dochta,docht,a
789,géara,géar,a
790,cérbh,cé,rbh
791,cúirte,cúirt,e
792,duillíní,duillín,í
793,mbarr,m,barr
794,amanna,am,anna
795,hEoghan,h,Eoghan
796,ciúine,ciúin,e
797,caithfimíd,caith,fimíd
798,hionadaíocht,h,ionadaíocht
799,feirmeoirí,feirmeoir,í
800,Polainne,Polainn,e
801,gcaolchuid,g,caolchuid
802,ngar,n,gar
803,tuigeadh,tuig,eadh
804,trúpaí,trúpa,í
805,tuismitheoirí,tuismitheoir,í
806,luachanna,luach,anna
807,hoidhreacht,h,oidhreacht
808,Bulgáire,Bulgáir,e
809,Gréige,Gréig,e
810,Seirbeacha,Seirbeach,a
811,neamhchúiseacha,neamhchúiseach,a
812,Eorpacha,Eorpach,a
813,cuirtear,cuir,tear
814,déantar,déan,tar
815,grúpaí,grúpa,í
816,cailleadh,caill,eadh
817,saoithe,saoi,the
818,gcigire,g,cigire
819,gcanáil,g,canáil
820,tréadacha,tréadach,a
821,miondaigheachta,miondaigheacht,a
822,deire,deir,e
823,gcúnamh,g,cúnamh
824,gceardchumann,g,ceardchumann
825,léitheoireachta,léitheoireacht,a
826,snasa,snas,a
827,tseanduine,t,seanduine
828,gceachtar,g,ceachtar
829,nDeireadh,n,Deireadh
830,Paraí,Para,í
831,gcosair,g,cosair
832,reáchtáileann,reáchtáil,eann
833,eagraíochtaí,eagraíocht,aí
834,ólann,ól,ann
835,bhFirenze,bh,Firenze
836,spéire,spéir,e
837,agaibh,ag,aibh
838,cainteanna,caint,eanna
839,bíodh,bí,odh
840,ligfeadh,lig,feadh
841,gcuimhne,g,cuimhne
842,hIarlaithe,h,Iarlaithe
843,maitheasa,maitheas,a
844,tSínis,t,Sínis
845,léachtanna,léacht,anna
846,scéalaíochta,scéalaíocht,a
847,amhránaíochta,amhránaíocht,a
848,ndícheall,n,dícheall
849,líonfar,líon,far
850,tsrón,t,srón
851,stríoca,stríoc,a
852,scairín,scair,ín
853,bpána,b,pána
854,teasa,teas,a
855,frithchaitheann,frithchaith,eann
856,gníomhaíochtaí,gníomhaíocht,aí
857,deicheanna,deich,eanna
858,tuairisce,tuairisc,e
859,háthas,h,áthas
860,stáblaí,stábla,í
861,gealladh,geall,adh
862,cíosa,cíos,a
863,ceannródaíochta,ceannródaíocht,a
864,tuiscintí,tuiscint,í
865,dtraidisiún,d,traidisiún
866,tsraith,t,sraith
867,frapaí,frapa,í
868,tsail,t,sail
869,gcléireach,g,cléireach
870,hathréimiú,h,athréimiú
871,cruthanna,cruth,anna
872,siméadrachta,siméadracht,a
873,ndáileadh,n,dáileadh
874,roinntear,roinn,tear
875,Rúise,Rúis,e
876,nochtfaidh,nocht,faidh
877,dtoscaireacht,d,toscaireacht
878,Aonghusa,Aonghus,a
879,ceapadh,ceap,adh
880,sirtheoirí,sirtheoir,í
881,Spáinne,Spáinn,e
882,bPortaingéil,b,Portaingéil
883,fearainntisí,fearainntis,í
884,coilíneachtaí,coilíneacht,aí
885,uaimheanna,uaimh,eanna
886,freagraí,freagra,í
887,fachtóirí,fachtóir,í
888,dearga,dearg,a
889,tSeicslóvaic,t,Seicslóvaic
890,ráflaí,ráfla,í
891,glacadh,glac,adh
892,bpionós,b,pionós
893,céard,cé,ard
894,gcontúirt,g,contúirt
895,sonracha,sonrach,a
896,cuspóirí,cuspóir,í
897,ligfidh,lig,fidh
898,dílseoirí,dílseoir,í
899,mbréagriocht,m,bréagriocht
900,úsáideann,úsáid,eann
901,moltar,mol,tar
902,gcomhbheartas,g,comhbheartas
903,talmhaíochta,talmhaíocht,a
904,bataí,bata,í
905,troma,trom,a
906,tairgeann,tairg,eann
907,molann,mol,ann
908,litríochta,litríocht,a
909,samhlaíochta,samhlaíocht,a
910,hobann,h,obann
911,ndoras,n,doras
912,ionam,i,onam
913,carraigeacha,carraig,eacha
914,deacrachtaí,deacracht,aí
915,ciumhaise,ciumhais,e
916,stoitheachta,stoitheacht,a
917,déanacha,déanach,a
918,caogaidí,caoga,idí
919,imreoirí,imreoir,í
920,gcnoc,g,cnoc
921,éifeachtachta,éifeachtacht,a
922,cuirfear,cuir,fear
923,fuinneoga,fuinneog,a
924,mbliain,m,bliain
925,toghadh,togh,adh
926,bhfothoghchán,bh,fothoghchán
927,gConallach,g,Conallach
928,gCaitliceach,g,Caitliceach
929,foraoiseacha,foraois,eacha
930,fairsinge,fairsing,e
931,gcorpán,g,corpán
932,feamainne,feamainn,e
933,bpeannlua,b,peannlua
934,tseanaimsir,t,seanaimsir
935,leanfadh,lean,fadh
936,bhfearann,bh,fearann
937,míreanna,mír,eanna
938,gcónasc,g,cónasc
939,dtabhairt,d,tabhairt
940,cáineadh,cáin,eadh
941,hÉigeartaigh,h,Éigeartaigh
942,dtoll,d,toll
943,béime,béim,e
944,bpolasaí,b,polasaí
945,céadfaí,céadfa,í
946,cáipéise,cáipéis,e
947,gcaisleán,g,caisleán
948,locha,loch,a
949,hInse,h,Inse
950,buataisí,buatais,í
951,siúlóide,siúlóid,e
952,úra,úr,a
953,hainm,h,ainm
954,fuachta,fuacht,a
955,néalta,néal,ta
956,gcruach,g,cruach
957,teachtaí,teachta,í
958,gabhadh,gabh,adh
959,dteach,d,teach
960,huathoibríoch,h,uathoibríoch
961,géanna,gé,anna
962,slabaí,slaba,í
963,bhfuinseog,bh,fuinseog
964,bpíobán,b,píobán
965,barra,barr,a
966,cille,cill,e
967,dtonn,d,tonn
968,staideanna,staid,eanna
969,mbreiseán,m,breiseán
970,hionann,h,ionann
971,bainfidh,bain,fidh
972,síleann,síl,eann
973,honóir,h,onóir
974,bPléamonnach,b,Pléamonnach
975,gconair,g,conair
976,bhfán,bh,fán
977,bhfeirm,bh,feirm
978,géilltear,géill,tear
979,gigeanna,gig,eanna
980,pearsantachta,pearsantacht,a
981,gabhaimid,gabh,aimid
982,dtacaíocht,d,tacaíocht
983,dtreise,d,treise
984,himirt,h,imirt
985,sonraí,sonra,í
986,scaiptear,scaip,tear
987,custaiméirí,custaiméir,í
988,cnónna,cnó,nna
989,ngarsún,n,garsún
990,chífeá,chí,feá
991,tríú,trí,ú
992,abairtí,abairt,í
993,gcion,g,cion
994,dtuaisceart,d,tuaisceart
995,rása,rás,a
996,croiseannaí,crois,eannaí
997,gclós,g,clós
998,scátha,scáth,a
999,mboichtineacht,m,boichtineacht
1000,mbocht,m,bocht
1001,ndruma,n,druma
1002,bhforbairt,bh,forbairt
1003,spréacharnacha,spréacharnach,a
1004,bhfeisteas,bh,feisteas
1005,meaitseannaí,meaits,eannaí
1006,dubha,dubh,a
1007,bhfaiche,bh,faiche
1008,plaincéadaí,plaincéad,aí
1009,maraon,mar,aon
1010,gciondáil,g,ciondáil
1011,gcaint,g,caint
1012,síolta,síol,ta
1013,Bríde,Bríd,e
1014,ngearradh,n,gearradh
1015,bhfáil,bh,fáil
1016,tonnta,tonn,ta
1017,tachtadh,tacht,adh
1018,isteacht,isteach,t
1019,iomarcaíochta,iomarcaíocht,a
1020,haigeanta,h,aigeanta
1021,téacsanna,téacs,anna
1022,reachtanna,reacht,anna
1023,gcoirnéal,g,coirnéal
1024,cuairteoirí,cuairteoir,í
1025,searbhóntaí,searbhónta,í
1026,hÍde,h,Íde
1027,práinne,práinn,e
1028,leatsa,le,atsa
1029,tsagart,t,sagart
1030,ngnó,n,gnó
1031,scríbhneoireachta,scríbhneoireacht,a
1032,haistriúchán,h,aistriúchán
1033,gcróineolaíocht,g,cróineolaíocht
1034,Tuigfar,Tuig,far
1035,hocht,h,ocht
1036,gcáca,g,cáca
1037,mangailí,mangail,í
1038,leithscéalsa,leithscéal,sa
1039,beirte,beirt,e
1040,gnótha,gnó,tha
1041,dánta,dán,ta
1042,sábháilteachta,sábháilteacht,a
1043,múiríneoirí,múiríneoir,í
1044,úinéirí,úinéir,í
1045,uaire,uair,e
1046,arda,ard,a
1047,léitheoirí,léitheoir,í
1048,cáilíochtaí,cáilíocht,aí
1049,ndóthain,n,dóthain
1050,mbeirt,m,beirt
1051,tharstu,thar,stu
1052,gcrann,g,crann
1053,gcodladh,g,codladh
1054,stéigeacha,stéig,eacha
1055,daonscoile,daonscoil,e
1056,mBreatain,m,Breatain
1057,cloisimse,clois,imse
1058,dtinneas,d,tinneas
1059,oilithreachtaí,oilithreacht,aí
1060,áiteanna,áit,eanna
1061,lagacha,lag,acha
1062,tsliabh,t,sliabh
1063,straitéisí,straitéis,í
1064,mballraíocht,m,ballraíocht
1065,hAoine,h,Aoine
1066,teicníochtaí,teicníocht,aí
1067,prátaí,práta,í
1068,huasal,h,uasal
1069,ngaol,n,gaol
1070,gcontae,g,contae
1071,fáisceadh,fáisc,eadh
1072,bhfear,bh,fear
1073,tSlováin,t,Slováin
1074,ionta,i,onta
1075,leanfar,lean,far
1076,eacnamaíochta,eacnamaíocht,a
1077,gnóthaí,gnó,thaí
1078,cleasa,cleas,a
1079,breoslaí,breosla,í
1080,saoráidí,saoráid,í
1081,glactar,glac,tar
1082,féachann,féach,ann
1083,cóstaí,cósta,í
1084,caola,caol,a
1085,gcré,g,cré
1086,stadas,stad,as
1087,tógfaimid,tóg,faimid
1088,fágfaimid,fág,faimid
1089,himirce,h,imirce
1090,dreasóga,dreasóg,a
1091,tsláinte,t,sláinte
1092,seachtainí,seachtain,í
1093,béasaí,béas,aí
1094,tuairimí,tuairim,í
1095,iltaobhacha,iltaobhach,a
1096,teicníochta,teicníocht,a
1097,murar,mura,r
1098,fógraíochta,fógraíocht,a
1099,gceolchoirm,g,ceolchoirm
1100,mBéal,m,Béal
1101,asainn,as,ainn
1102,dteanga,d,teanga
1103,bpríomhshráid,b,príomhshráid
1104,conspóide,conspóid,e
1105,dátheangacha,dátheangach,a
1106,aíochta,aíocht,a
1107,eachtrannacha,eachtrannach,a
1108,leabaidh,leaba,idh
1109,slinnte,slinn,te
1110,dtréan,d,tréan
1111,scríne,scrín,e
1112,gcúig,g,cúig
1113,measa,meas,a
1114,Palaistíne,Palaistín,e
1115,bPádhraic,b,Pádhraic
1116,gearba,gearb,a
1117,gclann,g,clann
1118,breátha,breá,tha
1119,gcéilí,g,céilí
1120,bhfeiceáil,bh,feiceáil
1121,cuirfimid,cuir,fimid
1122,Ghaeloiliúint,Ghael,oiliúint
1123,pubanna,pub,anna
1124,uafásacha,uafásach,a
1125,rinceoirí,rinceoir,í
1126,nuachtáisíneachtaí,nuachtáisíneacht,aí
1127,tsráidbhaile,t,sráidbhaile
1128,turasóireachta,turasóireacht,a
1129,ndeisceabal,n,deisceabal
1130,aclaíochta,aclaíocht,a
1131,rímeanna,rím,eanna
1132,tsaghas,t,saghas
1133,cér,cé,r
1134,spreagfadh,spreag,fadh
1135,grinne,grinn,e
1136,léirmheasanna,léirmheas,anna
1137,tathagacha,tathagach,a
1138,bhfoilsiú,bh,foilsiú
1139,seasann,seas,ann
1140,mbáisteach,m,báisteach
1141,gcéaduair,g,céaduair
1142,ndoiciméad,n,doiciméad
1143,tionóntachta,tionóntacht,a
1144,hArgadáin,h,Argadáin
1145,leanann,lean,ann
1146,scríbhinní,scríbhinn,í
1147,taobhshráideanna,taobhshráid,eanna
1148,pilleann,pill,eann
1149,sraithe,sraith,e
1150,múinteoirí,múinteoir,í
1151,áiteacha,áit,eacha
1152,gcábla,g,cábla
1153,teileagrafaíochta,teileagrafaíocht,a
1154,bhfulaingt,bh,fulaingt
1155,thagtar,thag,tar
1156,timpeallachta,timpeallacht,a
1157,mbailiúchán,m,bailiúchán
1158,meantóireachta,meantóireacht,a
1159,tograí,togra,í
1160,siúlóidí,siúlóid,í
1161,úsáidfear,úsáid,fear
1162,míre,mír,e
1163,institiúidí,institiúid,í
1164,féachaimid,féach,aimid
1165,cainteoirí,cainteoir,í
1166,dúchasacha,dúchasach,a
1167,siamsaíochta,siamsaíocht,a
1168,faisnéise,faisnéis,e
1169,clasaicí,clasaic,í
1170,beinifíse,beinifís,e
1171,glacfar,glac,far
1172,bhfiosrúchán,bh,fiosrúchán
1173,tosaíochta,tosaíocht,a
1174,déantúsaíochta,déantúsaíocht,a
1175,táirgeoirí,táirgeoir,í
1176,héascú,h,éascú
1177,hidirghabhálaí,h,idirghabhálaí
1178,gníomhaíochta,gníomhaíocht,a
1179,mBeilg,m,Beilg
1180,páirtnéirí,páirtnéir,í
1181,gcoiste,g,coiste
1182,comhaltaí,comhalta,í
1183,éard,é,ard
1184,dochtúirí,dochtúir,í
1185,leabharlanna,leabharlann,a
1186,úsáidimid,úsáid,imid
1187,adhlacóirí,adhlacóir,í
1188,stiúrthóirí,stiúrthóir,í
1189,sochraide,sochraid,e
1190,dtodhchaí,d,todhchaí
1191,mbainistíocht,m,bainistíocht
1192,gcothabháil,g,cothabháil
1193,clódóireachta,clódóireacht,a
1194,ligtear,lig,tear
1195,abhcóideachta,abhcóideacht,a
1196,déanfaimid,déan,faimid
1197,athshocraíochta,athshocraíocht,a
1198,bhfostaíocht,bh,fostaíocht
1199,úsáide,úsáid,e
1200,leantacha,leantach,a
1201,bainistíochta,bainistíocht,a
1202,bearta,beart,a
1203,Íocann,Íoc,ann
1204,caipitíochta,caipitíocht,a
1205,ceapfaidh,ceap,faidh
1206,leachtaitheoirí,leachtaitheoir,í
1207,spreagfaí,spreag,faí
1208,scaipeann,scaip,eann
1209,comhairleacha,comhairleach,a
1210,tuigfear,tuig,fear
1211,tagairtí,tagairt,í
1212,hidirghabháil,h,idirghabháil
1213,úsáideoirí,úsáideoir,í
1214,dtionscnamh,d,tionscnamh
1215,Fiontraíochta,Fiontraíocht,a
1216,iniúchóirí,iniúchóir,í
1217,seachtracha,seachtrach,a
1218,gceadú,g,ceadú
1219,gníomhaireachtaí,gníomhaireacht,aí
1220,riartar,riar,tar
1221,gnólachtaí,gnólacht,aí
1222,straitéiseacha,straitéiseach,a
1223,teistiméireachtaí,teistiméireacht,aí
1224,irisí,iris,í
1225,dtéarma,d,téarma
1226,mbradán,m,bradán
1227,bhfeabhas,bh,feabhas
1228,teicneolaíochta,teicneolaíocht,a
1229,foirgníochta,foirgníocht,a
1230,gcomhlíonadh,g,comhlíonadh
1231,bhfonnmhaireacht,bh,fonnmhaireacht
1232,struchtúracha,struchtúrach,a
1233,iomarcacha,iomarcach,a
1234,gcaiteachas,g,caiteachas
1235,seiceadóirí,seiceadóir,í
1236,reachtaíochta,reachtaíocht,a
1237,achainíocha,achainí,ocha
1238,gnáthmhodhanna,gnáthmhodh,anna
1239,earráidí,earráid,í
1240,dtionscadal,d,tionscadal
1241,toghthóirí,toghthóir,í
1242,dtoghchán,d,toghchán
1243,tráchta,trácht,a
1244,corraitheacha,corraitheach,a
1245,mbeartas,m,beartas
1246,mbunú,m,bunú
1247,bunreachta,bunreacht,a
1248,freagrachtaí,freagracht,aí
1249,comharsanachta,comharsanacht,a
1250,spreagtar,spreag,tar
1251,smaointeoireachta,smaointeoireacht,a
1252,deirfiúracha,deirfiúr,acha
1253,modhanna,modh,anna
1254,cruthaitheacha,cruthaitheach,a
1255,bainisteoirí,bainisteoir,í
1256,tábhachtacha,tábhachtach,a
1257,ealaíontóirí,ealaíontóir,í
1258,arb,ar,b
1259,haguisín,h,aguisín
1260,uachta,uacht,a
1261,Buiséadachta,Buiséadacht,a
1262,léaráidí,léaráid,í
1263,tIonad,t,Ionad
1264,Faisnéise,Faisnéis,e
1265,ngá,n,gá
1266,hathbhreithniú,h,athbhreithniú
1267,hidirnáisiúnta,h,idirnáisiúnta
1268,ndíograis,n,díograis
1269,dtiomantas,d,tiomantas
1270,gcomhordú,g,comhordú
1271,iarbhunscoileanna,iarbhunscoil,eanna
1272,gcomhionannas,g,comhionannas
1273,intinne,intinn,e
1274,cuairteanna,cuairt,eanna
1275,láithreoireachtaí,láithreoireacht,aí
1276,maoine,maoin,e
1277,cnapshuime,cnapshuim,e
1278,bhféidearthacht,bh,féidearthacht
1279,cúirteanna,cúirt,eanna
1280,leanúnacha,leanúnach,a
1281,dtionscal,d,tionscal
1282,creidmheasa,creidmheas,a
1283,malairte,malairt,e
1284,dáilfear,dáil,fear
1285,bhfón,bh,fón
1286,uachtanna,uacht,anna
1287,comhéifeachta,comhéifeacht,a
1288,ndéanamh,n,déanamh
1289,ndul,n,dul
1290,sainghnéithe,sainghné,ithe
1291,luachmhara,luachmhar,a
1292,leithleacha,leithleach,a
1293,cuideachtaí,cuideachta,í
1294,maicreacnamaíocha,maicreacnamaíoch,a
1295,ngnátháit,n,gnátháit
1296,iomaíochta,iomaíocht,a
1297,ngeilleagar,n,geilleagar
1298,mbrabúsacht,m,brabúsacht
1299,gceangal,g,ceangal
1300,oibríochta,oibríocht,a
1301,tosaíochtaí,tosaíocht,aí
1302,cinneadh,cinn,eadh
1303,dtagtar,dtag,tar
1304,gabhfaidh,gabh,faidh
1305,mbuiséad,m,buiséad
1306,cumhachtaí,cumhacht,aí
1307,probháide,probháid,e
1308,déanadh,déan,adh
1309,fiontraíochta,fiontraíocht,a
1310,socheacnamaíocha,socheacnamaíoch,a
1311,daonnachtaí,daonnacht,aí
1312,féachfaidh,féach,faidh
1313,gcuspóir,g,cuspóir
1314,híoc,h,íoc
1315,mbonn,m,bonn
1316,mórghnéithe,mórghné,ithe
1317,ndlí,n,dlí
1318,dlíodóirí,dlíodóir,í
1319,gCeathrú,g,Ceathrú
1320,gCarna,g,Carna
1321,nGaoth,n,Gaoth
1322,fochuideachtaí,fochuideachta,í
1323,éifeachtúlachta,éifeachtúlacht,a
1324,gcomhpháirt,g,comhpháirt
1325,táirgeachta,táirgeacht,a
1326,glacfaidh,glac,faidh
1327,indíreacha,indíreach,a
1328,seánraí,seánra,í
1329,spéiseanna,spéis,eanna
1330,toscaireachtaí,toscaireacht,aí
1331,gcathair,g,cathair
1332,caitheann,caith,eann
1333,bhfiontraíocht,bh,fiontraíocht
1334,cúlghairmeofar,cúlghair,meofar
1335,lánúineacha,lánúin,eacha
1336,éagann,éag,ann
1337,tsaoirse,t,saoirse
1338,bhfeiniméan,bh,feiniméan
1339,foghlaimíonn,foghlaim,íonn
1340,tOmbudsman,t,Ombudsman
1341,méideanna,méid,eanna
1342,dteideal,d,teideal
1343,innealtóireachta,innealtóireacht,a
1344,gaolmhara,gaolmhar,a
1345,iarratasóirí,iarratasóir,í
1346,bhfostóir,bh,fostóir
1347,caibidlíochtaí,caibidlíocht,aí
1348,mórfhorbairtí,mórfhorbairt,í
1349,trátha,tráth,a
1350,parlaiminteacha,parlaiminteach,a
1351,ligeann,lig,eann
1352,deighiltí,deighilt,í
1353,gceardlann,g,ceardlann
1354,bhfás,bh,fás
1355,múinfidh,múin,fidh
1356,rannta,rann,ta
1357,gcoinneáil,g,coinneáil
1358,gcúrsaíocht,g,cúrsaíocht
1359,Fraincise,Fraincis,e
1360,gcúirt,g,cúirt
1361,gcreat,g,creat
1362,srianta,srian,ta
1363,céimeanna,céim,eanna
1364,iarchéimeanna,iarchéim,eanna
1365,bpainéal,b,painéal
1366,tSualainn,t,Sualainn
1367,iomlána,iomlán,a
1368,lorgaíonn,lorg,aíonn
1369,oibríochtaí,oibríocht,aí
1370,institiúide,institiúid,e
1371,líonfaidh,líon,faidh
1372,bearnaí,bearna,í
1373,impleachtaí,impleacht,aí
1374,hinfheistíocht,h,infheistíocht
1375,tógann,tóg,ann
1376,tsuim,t,suim
1377,gcéile,g,céile
1378,cleithiúnacha,cleithiúnach,a
1379,ionadaíochta,ionadaíocht,a
1380,liachtaí,liacht,aí
1381,ngnáthchritéar,n,gnáthchritéar
1382,inniúlachta,inniúlacht,a
1383,féadfar,féad,far
1384,éagsúlachta,éagsúlacht,a
1385,gcáil,g,cáil
1386,printíseachtaí,printíseacht,aí
1387,ceannródaíocha,ceannródaíoch,a
1388,riarann,riar,ann
1389,hagóid,h,agóid
1390,bagairtí,bagairt,í
1391,mbanc,m,banc
1392,gcumann,g,cumann
1393,gcomhchuntas,g,comhchuntas
1394,hoibiachtúil,h,oibiachtúil
1395,freagrachta,freagracht,a
1396,dóú,dó,ú
1397,hainmniú,h,ainmniú
1398,nglacadh,n,glacadh
1399,páirte,páirt,e
1400,comhpháirtíochta,comhpháirtíocht,a
1401,cuirimid,cuir,imid
1402,seantuismitheoirí,seantuismitheoir,í
1403,suíomhanna,suíomh,anna
1404,idirghlúine,idirghlúin,e
1405,scéala,scéal,a
1406,gcomhúinéireacht,g,comhúinéireacht
1407,tAE,t,AE
1408,oscailte,oscailt,e
1409,píolótacha,píolótach,a
1410,réigiúnacha,réigiúnach,a
1411,Seoirseacha,Seoirseach,a
1412,luatha,luath,a
1413,iarsmaí,iarsma,í
1414,oibleagáidí,oibleagáid,í
1415,bhfeasacht,bh,feasacht
1416,ailtireachta,ailtireacht,a
1417,ndílseacht,n,dílseacht
1418,dtacú,d,tacú
1419,gcuimsiú,g,cuimsiú
1420,gcuidiú,g,cuidiú
1421,réamhscolaíochta,réamhscolaíocht,a
1422,gcineál,g,cineál
1423,gcomhpháirtíocht,g,comhpháirtíocht
1424,teidlíochtaí,teidlíocht,aí
1425,eacnamaíocha,eacnamaíoch,a
1426,coimeádfaidh,coimeád,faidh
1427,bunúsacha,bunúsach,a
1428,breithiúnacha,breithiúnach,a
1429,coirscéalta,coirscéal,ta
1430,scéinséirí,scéinséir,í
1431,spride,sprid,e
1432,nuálacha,nuálach,a
1433,inphriontaí,inphrionta,í
1434,sócmhainní,sócmhainn,í
1435,gcomhlacht,g,comhlacht
1436,nianna,nia,nna
1437,fomhíre,fomhír,e
1438,clubanna,club,anna
1439,ceirde,ceird,e
1440,mbonneagar,m,bonneagar
1441,líonraí,líonra,í
1442,gcáipéis,g,cáipéis
1443,aipeanna,aip,eanna
1444,príobháideacha,príobháideach,a
1445,leaganacha,leagan,acha
1446,leictreonacha,leictreonach,a
1447,fórsaí,fórsa,í
1448,iomlánacha,iomlánach,a
1449,gcéatadán,g,céatadán
1450,measfar,meas,far
1451,leagfadh,leag,fadh
1452,óráide,óráid,e
1453,oifigí,oifig,í
1454,coimhdeacha,coimhdeach,a
1455,formáidí,formáid,í
1456,bpunann,b,punann
1457,dteicneolaíocht,d,teicneolaíocht
1458,dáiltear,dáil,tear
1459,breisluacha,breisluach,a
1460,aireachta,aireacht,a
1461,bhfoireann,bh,foireann
1462,comhoibritheacha,comhoibritheach,a
1463,bhfoirm,bh,foirm
1464,dtuarascáil,d,tuarascáil
1465,ríomhacmhainní,ríomhacmhainn,í
1466,feidhmeanna,feidhm,eanna
1467,héigeantach,h,éigeantach
1468,litearthachta,litearthacht,a
1469,séasúracha,séasúrach,a
1470,ceardlanna,ceardlann,a
1471,aisteoirí,aisteoir,í
1472,tairgeoirí,tairgeoir,í
1473,dearfacha,dearfach,a
1474,comhoidhreachta,comhoidhreacht,a
1475,gcumarsáid,g,cumarsáid
1476,heisiúint,h,eisiúint
1477,hiliomad,h,iliomad
1478,dlisteanachta,dlisteanacht,a
1479,gcúram,g,cúram
1480,gcleithiúnas,g,cleithiúnas
1481,infheistíochtaí,infheistíocht,aí
1482,coimeádadh,coimeád,adh
1483,iardhochtúireachta,iardhochtúireacht,a
1484,dtionóntán,d,tionóntán
1485,féadfaimid,féad,faimid
1486,gcomhshaol,g,comhshaol
1487,bhfionraíocht,bh,fionraíocht
1488,dlítheanacha,dlítheanach,a
1489,gcomhthoghadh,g,comhthoghadh
1490,sroicheann,sroich,eann
1491,gceapachán,g,ceapachán
1492,tarraingítear,tarraing,ítear
1493,gcúl,g,cúl
1494,gcruthaitheacht,g,cruthaitheacht
1495,hionchur,h,ionchur
1496,hiarthar,h,iarthar
1497,hinsint,h,insint
1498,faoinár,faoi,nár
1499,infheisteoirí,infheisteoir,í
1500,gcárta,g,cárta
1501,eisceachtaí,eisceacht,aí
1502,criosanna,crios,anna
1503,laincisí,laincis,í
1504,bacanna,bac,anna
1505,Míde,Míd,e
1506,héiteas,h,éiteas
1507,stopfar,stop,far
1508,seanfhormáidí,seanfhormáid,í
1509,gcritéar,g,critéar
1510,ndlúthchomhar,n,dlúthchomhar
1511,póilíneachta,póilíneacht,a
1512,fóillíochta,fóillíocht,a
1513,feirme,feirm,e
1514,gcistiú,g,cistiú
1515,mbeart,m,beart
1516,díonta,díon,ta
1517,spiaraí,spiara,í
1518,stróiceann,stróic,eann
1519,scriosann,scrios,ann
1520,paitinní,paitinn,í
1521,hinbhreithnitheacht,h,inbhreithnitheacht
1522,heiseamláir,h,eiseamláir
1523,básanna,bás,anna
1524,líontar,líon,tar
1525,tairiscintí,tairiscint,í
1526,gceanglas,g,ceanglas
1527,bhformáid,bh,formáid
1528,foilsitheoireachta,foilsitheoireacht,a
1529,gcomhardú,g,comhardú
1530,scoláireachtaí,scoláireacht,aí
1531,paitinne,paitinn,e
1532,áisiúlachta,áisiúlacht,a
1533,réime,réim,e
1534,seilfeanna,seilf,eanna
1535,cruthaitheachta,cruthaitheacht,a
1536,táirgiúlachta,táirgiúlacht,a
1537,feirmeoireachta,feirmeoireacht,a
1538,achomharcsa,achomharc,sa
1539,doiciméadachta,doiciméadacht,a
1540,dtimpeallacht,d,timpeallacht
1541,easpaí,easpa,í
1542,feasacha,feasach,a
1543,éigeantacha,éigeantach,a
1544,lánroghnacha,lánroghnach,a
1545,eiseamláirí,eiseamláir,í
1546,ionadaíocha,ionadaíoch,a
1547,sainchúirteanna,sainchúirt,eanna
1548,gcomhaontú,g,comhaontú
1549,roinne,roinn,e
1550,bacainní,bacainn,í
1551,glacaimid,glac,aimid
1552,muirdhreacha,muirdhreach,a
1553,idirghaolmhara,idirghaolmhar,a
1554,gcostas,g,costas
1555,loighistice,loighistic,e
1556,hasbhaint,h,asbhaint
1557,bhfoinse,bh,foinse
1558,taiscfear,taisc,fear
1559,gcartlann,g,cartlann
1560,roinnfear,roinn,fear
1561,gearrfar,gearr,far
1562,cleachtóirí,cleachtóir,í
1563,scortha,scor,tha
1564,ndlúthpháirt,n,dlúthpháirt
1565,leasmhara,leasmhar,a
1566,teorainneacha,teorainn,eacha
1567,gcuimhneachán,g,cuimhneachán
1568,dtuiscint,d,tuiscint
1569,toirmiscfear,toirmisc,fear
1570,náisiúntachta,náisiúntacht,a
1571,éachtaí,éacht,aí
1572,beathaisnéise,beathaisnéis,e
1573,dtiomsú,d,tiomsú
1574,áisitheoirí,áisitheoir,í
1575,díospóireachta,díospóireacht,a
1576,reiligiúnacha,reiligiúnach,a
1577,comhráití,comhrá,ití
1578,sáile,sáil,e
1579,teileachumarsáide,teileachumarsáid,e
1580,rannóga,rannóg,a
1581,soláthróir(í),soláthróir,(í)
1582,breitheanna,breith,eanna
1583,heisceachtúil,h,eisceachtúil
1584,scoirfí,scoir,fí
1585,meánmhéide,meánmhéid,e
1586,hoibriú,h,oibriú
1587,héifeachtach,h,éifeachtach
1588,tírdhreacha,tírdhreach,a
1589,ceadanna,cead,anna
1590,tsráid,t,sráid
1591,tránna,trá,nna
1592,bhfadtéarma,bh,fadtéarma
1593,gcomhoibriú,g,comhoibriú
1594,idirthréimhseacha,idirthréimhseach,a
1595,coimeádann,coimeád,ann
1596,hintinneach,h,intinneach
1597,gcruthú,g,cruthú
1598,oidhreachtaí,oidhreacht,aí
1599,diúltacha,diúltach,a
1600,bhfaisnéis,bh,faisnéis
1601,freagairtí,freagairt,í
1602,ndearadh,n,dearadh
1603,bplean,b,plean
1604,oiriúnacha,oiriúnach,a
1605,seachadóirí,seachadóir,í
1606,oibleagáidi,oibleagáid,i
1607,aonaracha,aonarach,a
1608,gcoigeartú,g,coigeartú
1609,fostóirí,fostóir,í
1610,foilsitheoirí,foilsitheoir,í
1611,riarthacha,riarthach,a
1612,mbac,m,bac
1613,roghanna,rogha,nna
1614,sosanna,sos,anna
1615,gairme,gairm,e
1616,léamha,léamh,a
1617,tíreolaíochta,tíreolaíocht,a
1618,foirgintí,foirgint,í
1619,iasachtaí,iasacht,aí
1620,ráthaíochtaí,ráthaíocht,aí
1621,gcríoch,g,críoch
1622,fáthanna,fáth,anna
1623,tArdionadaí,tArd,ionadaí
1624,fiacha,fiach,a
1625,dáilítear,dáil,ítear
1626,gcomhairleoir,g,comhairleoir
1627,léiritheoirí,léiritheoir,í
1628,mbunlíonra,m,bunlíonra
1629,mbreith,m,breith
1630,seónna,seó,nna
1631,ndomhan,n,domhan
1632,éiceolaíochta,éiceolaíocht,a
1633,bpáirtnéir,b,páirtnéir
1634,heastát,h,eastát
1635,scoirfidh,scoir,fidh
1636,trasdisciplíneacha,trasdisciplíneach,a
1637,bpost,b,post
1638,léiritheacha,léiritheach,a
1639,príomhchásanna,príomhchás,anna
1640,institiúideacha,institiúideach,a
1641,fadtéarmacha,fadtéarmach,a
1642,dioplómaí,dioplóma,í
1643,gcleachtas,g,cleachtas
1644,hallaí,halla,í
1645,liostaí,liosta,í
1646,aisteoireachta,aisteoireacht,a
1647,cártaí,cárta,í
1648,léarscáileanna,léarscáil,eanna
1649,Seice,Seic,e
1650,maoirseachta,maoirseacht,a
1651,tuairime,tuairim,e
1652,samhlaíocha,samhlaíoch,a
1653,uainíochta,uainíocht,a
1654,coimeádaimid,coimeád,aimid
1655,lorgófar,lorg,ófar
1656,nuálaíochta,nuálaíocht,a
1657,socheacnamaíochta,socheacnamaíocht,a
1658,teangeolaíochta,teangeolaíocht,a
1659,haire,h,aire
1660,smachta,smacht,a
1661,reachta,reacht,a
1662,gcluas,g,cluas
1663,hathbheochan,h,athbheochan
1664,Éireanna,Éire,anna
1665,bronnann,bronn,ann
1666,hacmhainn,h,acmhainn
1667,gcóras,g,córas
1668,hioncam,h,ioncam
1669,stocaireachta,stocaireacht,a
1670,cuntasóirí,cuntasóir,í
1671,drugaí,druga,í
1672,hoideachas,h,oideachas
1673,bunscoile,bunscoil,e
1674,meánscoile,meánscoil,e
1675,bímid,bí,mid
1676,bileoga,bileog,a
1677,leabhróga,leabhróg,a
1678,clinicí,clinic,í
1679,bpleanáil,b,pleanáil
1680,hábhar,h,ábhar
1681,tSlóvaic,t,Slóvaic
1682,inniúlachtaí,inniúlacht,aí
1683,gcatagóir,g,catagóir
1684,ionat,i,onat
1685,bpríomhchathair,b,príomhchathair
1686,gcósta,g,cósta
1687,iarmhairtí,iarmhairt,í
1688,aeráide,aeráid,e
1689,meitéareolaíocha,meitéareolaíoch,a
1690,cuimsitheacha,cuimsitheach,a
1691,gcoibhneas,g,coibhneas
1692,ríomhadh,ríomh,adh
1693,turgnamhacha,turgnamhach,a
1694,ardfhlosca,ardfhlosc,a
1695,saotharlanna,saotharlann,a
1696,moltóirí,moltóir,í
1697,himní,h,imní
1698,comhordaitheoirí,comhordaitheoir,í
1699,rannpháirteacha,rannpháirteach,a
1700,cuiditheacha,cuiditheach,a
1701,Graonlainne,Graonlainn,e
1702,moilleanna,moill,eanna
1703,iniúchóireachta,iniúchóireacht,a
1704,muiníne,muinín,e
1705,bhféilire,bh,féilire
1706,eiseamláireacha,eiseamláir,eacha
1707,íoslódáiltear,íoslódáil,tear
1708,ngeall,n,geall
1709,haitheantas,h,aitheantas
1710,uaighe,uaigh,e
1711,leasanna,leas,anna
1712,cúlraí,cúlra,í
1713,mbronntanas,m,bronntanas
1714,céadta,céad,ta
1715,tarraingíodh,tarraing,íodh
1716,rogáide,rogáid,e
1717,tarchuirfidh,tarchuir,fidh
1718,ndearbhú,n,dearbhú
1719,Forbacha,Forba,cha
1720,Stráitéise,Stráitéis,e
1721,leagann,leag,ann
1722,hindíreach,h,indíreach
1723,heacnamaíocht,h,eacnamaíocht
1724,paisnéirí,paisnéir,í
1725,ranníocaíochtaí,ranníocaíocht,aí
1726,díthiomnachta,díthiomnacht,a
1727,comhdhéanfar,comhdhéan,far
1728,comhlíontar,comhlíon,tar
1729,riaradh,riar,adh
1730,Cosaive,Cosaiv,e
1731,gceiliúradh,g,ceiliúradh
1732,cógaisíochta,cógaisíocht,a
1733,deimhneacha,deimhneach,a
1734,gcoimisiúnú,g,coimisiúnú
1735,tsaothraí,t,saothraí
1736,nglúin,n,glúin
1737,glúinte,glúin,te
1738,Meánaoiseanna,Meánaois,eanna
1739,leantar,lean,tar
1740,staitistice,staitistic,e
1741,DVDanna,DVD,anna
1742,suirbhéanna,suirbhé,anna
1743,éiceolaíocha,éiceolaíoch,a
1744,cinnteoireachta,cinnteoireacht,a
1745,feasachta,feasacht,a
1746,coimeádfaimid,coimeád,faimid
1747,gCill,g,Cill
1748,scothealaíontóirí,scothealaíontóir,í
1749,amharclannaíochta,amharclannaíocht,a
1750,iarrtar,iarr,tar
1751,dtógáil,d,tógáil
1752,m.sh.,m.sh,.
1753,teileamhargaíochta,teileamhargaíocht,a
1754,bhfriotal,bh,friotal
1755,uaillmhianacha,uaillmhianach,a
1756,bhfaomhadh,bh,faomhadh
1757,reachtacha,reachtach,a
1758,tarlóirí,tarlóir,í
1759,luchtú,lucht,ú
1760,héinne,h,éinne
1761,láithreacha,láithreach,a
1762,comhlachta,comhlacht,a
1763,gníomhaireachta,gníomhaireacht,a
1764,bithéagsúlachta,bithéagsúlacht,a
1765,ionadacha,ionadach,a
1766,íomhánna,íomhá,nna
1767,digiteacha,digiteach,a
1768,mBealtaine,m,Bealtaine
1769,comhionanna,comhionann,a
1770,áineasa,áineas,a
1771,leithdháileadh,leithdháil,eadh
1772,ngnáth,n,gnáth
1773,tAontas,t,Aontas
1774,heagraíocht,h,eagraíocht
1775,gcaibidlíocht,g,caibidlíocht
1776,háisiúlacht,h,áisiúlacht
1777,inmheánacha,inmheánach,a
1778,dtaifead,d,taifead
1779,héascaíocht,h,éascaíocht
1780,dtoil,d,toil
1781,hearcú,h,earcú
1782,beagdheise,beagdheis,e
1783,spéise,spéis,e
1784,tógtar,tóg,tar
1785,eagraíochta,eagraíocht,a
1786,aidhmeanna,aidhm,eanna
1787,príomhghnéithe,príomhghné,ithe
1788,riachtanacha,riachtanach,a
1789,héagsúlacht,h,éagsúlacht
1790,aturnaetha,aturnae,tha
1791,hoiliúint,h,oiliúint
1792,inrochtaineachta,inrochtaineacht,a
1793,téarmana,téarma,na
1794,tarscaoileadh,tarscaoil,eadh
1795,Gearmánacha,Gearmánach,a
1796,iarradh,iarr,adh
1797,bpríomhtheanga,b,príomhtheanga
1798,speisialtóirí,speisialtóir,í
1799,reáchtáiltear,reáchtáil,tear
1800,coireachta,coireacht,a
1801,téipeanna,téip,eanna
1802,cornaí,corna,í
1803,réamhghníomhacha,réamhghníomhach,a
1804,tseandálaíocht,t,seandálaíocht
1805,dtairiscint,d,tairiscint
1806,tarraingeoidh,tarraing,eoidh
1807,hinstitiúid,h,institiúid
1808,muireolaíochta,muireolaíocht,a
1809,fanfaidh,fan,faidh
1810,gnáthóga,gnáthóg,a
1811,mbeagán,m,beagán
1812,ceardchuallachtaí,ceardchuallacht,aí
1813,ngné,n,gné
1814,corraíle,corraíl,e
1815,airgeadaíochta,airgeadaíocht,a
1816,mbeatha,m,beatha
1817,mbaol,m,baol
1818,mbreis,m,breis
1819,gcoimisiún,g,coimisiún
1820,gcoimhréir,g,coimhréir
1821,foriomlána,foriomlán,a
1822,tacaí,taca,í
1823,éifeachtacha,éifeachtach,a
1824,Parlaiminte,Parlaimint,e
1825,straitéise,straitéis,e
1826,riarthóirí,riarthóir,í
1827,fíorbhuaiteoirí,fíorbhuaiteoir,í
1828,bpríomhfhoinse,b,príomhfhoinse
1829,leithdháileann,leithdháil,eann
1830,Státseirbhíse,Státseirbhís,e
1831,bpáiste,b,páiste
1832,séú,sé,ú
1833,gcuibhreann,g,cuibhreann
1834,Gníomhaíochta,Gníomhaíocht,a
1835,mórdhuaiseanna,mórdhuais,eanna
1836,ollbhuaiteoirí,ollbhuaiteoir,í
1837,ndúthracht,n,dúthracht
1838,(h)ionadaí,(h),ionadaí
1839,preabchainteanna,preabchaint,eanna
1840,athléiritheoirí,athléiritheoir,í
1841,fiosracha,fiosrach,a
1842,hiniúchadh,h,iniúchadh
1843,síntiúsóirí,síntiúsóir,í
1844,bhfoirmíocht,bh,foirmíocht
1845,húrscéal,h,úrscéal
1846,nuatheicneolaíochta,nuatheicneolaíocht,a
1847,gcleamhnas,g,cleamhnas
1848,mbuíochas,m,buíochas
1849,cúlsócmhainní,cúlsócmhainn,í
1850,eachtracha,eachtrach,a
1851,airgeadraí,airgeadra,í
1852,ECUanna,ECU,anna
1853,riochtaí,riocht,aí
1854,Airgeadaíochta,Airgeadaíocht,a
1855,tSeirbia,t,Seirbia
1856,Macadóine,Macadóin,e
1857,gCorn,g,Corn
1858,monarchana,monarcha,na
1859,réamhchéime,réamhchéim,e
1860,dréachta,dréacht,a
1861,gCúirt,g,Cúirt
1862,Cúirte,Cúirt,e
1863,beathaisnéisí,beathaisnéis,í
1864,gcruinniú,g,cruinniú
1865,scríobhfaimid,scríobh,faimid
1866,bhfeirmeoireacht,bh,feirmeoireacht
1867,cruachóipeanna,cruachóip,eanna
1868,dtíolacadh,d,tíolacadh
1869,leithdháiltear,leithdháil,tear
1870,Ailtireachta,Ailtireacht,a
1871,hiomrá,h,iomrá
1872,gcomhaltas,g,comhaltas
1873,comharsanachtaí,comharsanacht,aí
1874,íoctar,íoc,tar
1875,oibreoirí,oibreoir,í
1876,incháilitheachta,incháilitheacht,a
